<?xml version="1.0"?>
	<tabctrl pos="0,0,-0,-0" animateSteps="10" tabAlign="left" tabSkin="skin_tab_left" tabInterSkin="skin_tab_left_splitter" tabInterSize="2" tabWidth="150" iconSkin="skin_small_icons" icon-x="5" icon-y="8" colorText="#000000bb" curSel="0">
		<page title="soui layout">
			<group pos="0,0,-0,-0" id="10000">
				I'm a group
				<text pos="100,10" offset="-0.5,-0.5">center align1</text>
				<text pos="100,30" offset="-0.5,-0.5">center align align</text>
				<text pos="250,50" offset="-1,0">align right top</text>
				<text pos="250,70" offset="-1,0">align right top 2</text>
				<check pos="250,90" offset="-1,0">check right top</check>
				<check pos="250,110" offset="-1,0" font="adding:-5">check right top1235</check>
				<text pos="250,130" class="cls_txt_red">text left top</text>
				<button pos="10,150,@150,@30">button 1 using @</button>
				<button id="4321" pos="10,200" width="150" height="30">button 1 using width</button>
				<text pos="%50,20,%90,@50" colorBkgnd="#ff0000">pos="%50,100,%90,@50"</text>
				<button name="btn_display" pos="300,150,@100,@30" display="0">Image Ref</button>
				<window skin="skin_page_icons" pos="[5,150,-10,-10" id="1236">
					<text pos="|0,|0" offset="-0.5,-0.5" font="adding:20" colorText="#ff000066">alpha test</text>
					<text pos="5,5" id="100" visible="0">ref text</text>
					<button pos="sib.left@100:10,sib.bottom@100:10,@100,@25" name="btn_hidetst" tip="click me to hide me and see how the next image will move">ref id:100</button>
				</window>
				<window pos="10,300" colorBkgnd="#cccccc">
					<text pos="5,5">child1</text>
					<text pos="-30,20" offset="-1,0" multilines="1">parent position is determined by childs\npos="-30,60" offset="-1,-1"</text>
				</window>
			</group>
		</page>
		<page title="linear layout">
			<!--这里演示在SOUI中使用线性布局,在window中指定layout="vbox,hbox,linearLayout"时窗口的子窗口布局变成自动布局模式-->
			<window layout="vbox" size="-1,-1" colorBkgnd="#cccccc" gravity="center">
				<!--线性布局的自适应子窗口大小-->
				<text>vbox + gravity + wrapContent</text>
				<window size="100,30" colorBkgnd="#ff0000" />
				<window size="200,30" extend="10,5,10,5" colorBkgnd="#ff0000" />
				<window size="120,30" layout_gravity="right" colorBkgnd="#ff0000" />
			</window>
			<window pos="0,[5,@-1,@200" layout="vbox" colorBkgnd="#cccccc">
				<!--线性布局的weight属性-->
				<text extend_bottom="10">vbox + gravity + weight</text>
				<window size="100,30" colorBkgnd="#ff0000" />
				<window size="200,30" extend="10,5,10,5" colorBkgnd="#ff0000" weight="1" />
				<window size="120,30" layout_gravity="right" colorBkgnd="#ff0000" weight="1" />
				<button size="100,30" extend_top="10">button test</button>
			</window>
			<window pos="0,[5" layout="vbox" colorBkgnd="#cccccc" id="10000">
				<text extend_bottom="10" layout_gravity="center">hbox demo</text>
				<window size="-1,-1" layout="hbox" colorBkgnd="#888888">
					<!--线性布局之hbox-->
					<button size="100,30">button1</button>
					<button size="100,30" extend_left="10">button2</button>
					<button size="100,30" extend_left="10">button3</button>
					<button size="100,30" extend_left="10">button4</button>
				</window>
				<button size="-1,-1" padding="10,5,10,5" name="btn_open_wrap_content" extend_top="10">打开自适应大小窗口</button>
			</window>
		</page>
		<page title="grid layout">
			<tabctrl pos="0,0,-0,-0" tabAlign="bottom" tabSkin="skin_tab_left" tabInterSkin="skin_tab_left_splitter" tabInterSize="2" tabWidth="200" curSel="0">
				<page title="calc">
					<text pos="|0,10" offset="-0.5,0" text="soui grid layout calc" />
					<window pos="10,[5,@350,-10" layout="gridLayout" columnCount="4" rowCount="6" xInterval="5" yInterval="5" xGravity="fill" yGravity="fill">
						<edit size="0,0" cueText="数值" columnSpan="4" rowWeight="2" colorBkgnd="#ffffe0ff" />
						<button size="0,0" text="清除" columnWeight="1" rowWeight="1" colorText="#0000ff" animate="1" skin="skin_btn_skin1_png" />
						<button size="0,0" text="后退" columnWeight="1" rowWeight="1" animate="1" skin="skin_btn_skin1_png" />
						<button size="0,0" text="/" columnWeight="1" rowWeight="1" animate="1" skin="skin_btn_skin1_png" />
						<!--//列 行权重为1-->
						<button size="0,0" text="x" columnWeight="1" rowWeight="1" animate="1" skin="skin_btn_skin1_png" />
						<!--//列 行权重为1-->
						<button size="0,0" text="7" columnWeight="1" rowWeight="1" animate="1" skin="skin_btn_skin1_png" />
						<!--//列 行权重为1-->
						<button size="0,0" text="8" columnWeight="1" rowWeight="1" animate="1" skin="skin_btn_skin1_png" />
						<!--//列 行权重为1-->
						<button size="0,0" text="9" columnWeight="1" rowWeight="1" animate="1" skin="skin_btn_skin1_png" />
						<!--//列 行权重为1-->
						<button size="0,0" text="-" columnWeight="1" rowWeight="1" animate="1" skin="skin_btn_skin1_png" />
						<!--//列 行权重为1-->
						<button size="0,0" text="4" columnWeight="1" rowWeight="1" animate="1" skin="skin_btn_skin1_png" />
						<!--//列 行权重为1-->
						<button size="0,0" text="5" columnWeight="1" rowWeight="1" animate="1" skin="skin_btn_skin1_png" />
						<!--//列 行权重为1-->
						<button size="0,0" text="6" columnWeight="1" rowWeight="1" animate="1" skin="skin_btn_skin1_png" />
						<!--//列 行权重为1-->
						<button size="0,0" text="+" columnWeight="1" rowWeight="1" animate="1" skin="skin_btn_skin1_png" />
						<!--//列 行权重为1-->
						<button size="0,0" text="1" columnWeight="1" rowWeight="1" animate="1" skin="skin_btn_skin1_png" />
						<!--//列 行权重为1-->
						<button size="0,0" text="2" columnWeight="1" rowWeight="1" animate="1" skin="skin_btn_skin1_png" />
						<!--//列 行权重为1-->
						<button size="0,0" text="3" columnWeight="1" rowWeight="1" animate="1" skin="skin_btn_skin1_png" />
						<!--//列 行权重为1-->
						<button size="0,0" text="=" rowSpan="2" columnWeight="1" rowWeight="2" animate="1" skin="skin_btn_skin1_png" />
						<button size="0,0" text="0" columnSpan="2" columnWeight="2" rowWeight="1" animate="1" skin="skin_btn_skin1_png" />
						<!--跨两列 自动填充 列权重2 行权重1-->
						<button size="0,0" text="." columnWeight="1" rowWeight="1" animate="1" skin="skin_btn_skin1_png" />
						<!--列 行 权重1-->
					</window>
				</page>
				<page title="行列对齐">
					<text pos="|0,10" offset="-0.5,0" text="行列对齐" />
					<window pos="|0,[5" offset="-0.5,0" layout="gridLayout" columnCount="2" xInterval="5" yInterval="5" xGravity="right" colorBkgnd="#888888">
						<text size="-1,-1">所在地:</text>
						<edit size="200,50" layout_xGravity="fill">广东 广州</edit>
						<text size="-1,-1">邮箱:</text>
						<edit size="200,-1" layout_xGravity="fill">xx@qq.com</edit>
						<text size="-1,-1">兴趣:</text>
						<edit size="200,-1" layout_xGravity="fill">看小电影</edit>
					</window>
				</page>
				<page title="三分窗">
					<window size="-2,-2" layout="gridLayout" columnCount="2" xGravity="fill" yGravity="fill">
						<window size="0,0" rowSpan="2" columnWeight="1" colorBkgnd="#ff0000" />
						<window size="0,0" columnWeight="1" rowWeight="1" colorBkgnd="#00ff00" />
						<window size="0,0" columnWeight="1" rowWeight="1" colorBkgnd="#0000ff" />
					</window>
				</page>
			</tabctrl>
		</page>
    <page title="template" layout="vbox">
      <window size="-2,-1" layout="hbox">
        <button size="-1,-1" name="btn_create_by_temp" text="创建模板窗口" padding="10,5,10,5"/>
        <text text="g.block模板支持3个变量，name,text,color,参考values\template.xml"/>
      </window>
      <richedit name="re_temp_input" size="-2,100" class="cls_edit" multiLines="1" vscrollBar="1" sbSkin="skin_vscrollbar" wordWrap="1"  autoVscroll="1" hscrollBar="0">
        <![CDATA[
        <t:g.block size="-1,-1">
           <data name="tpl_soime" color="#ff0000" text="soime.cn!"/>
        </t:g.block>
        <t:g.block size="-2,-1">
           <data name="tpl_soui" color="#0000ff" text="ui520.cn"/>
        </t:g.block>
        ]]>
      </richedit>
      <scrollview name="wnd_temp_host" size="-2,0" weight="1" viewSize="-1,-1" colorBkgnd="@color/white" layout="vbox"/>
    </page>
	</tabctrl>
