<?xml version="1.0"?>
<include>
	<grouplist pos="0,0,200,-0" name="gl_catalog" layout="vbox" viewSize="-2,-1">
		<groupTemplate layout="vbox" size="-2,-1">
			<button name="title" size="-2,38" padding="10,5,10,5" layout="hbox" gravity="center">
				<text name="txt_label" weight="1" font="adding:5,bold:1" />
				<toggle skin="_skin.sys.tree.toggle" name="tgl_switch" toggled="1" msgTransparent="1" />
			</button>
			<aniwindow name="container" layout="vbox" size="-2,-1" Interpolator="Accelerate" factor="1.0" steps="10" gravity="center" />
		</groupTemplate>
		<itemTemplate size="-2,30" layout="hbox" gravity="center" class_name="check2" skin="skin_category">
			<img skin="skin_icons" name="img_indicator" size="20,20" iconIndex="0" />
			<text name="txt_label" extend_left="10" />
		</itemTemplate>
		<data>
			<group text="列表控件" id="1000" tip="列表控件TIP">
        <item text="多列列表" icon="2" name="page_mclistview" id="100" tip="多列列表TIP"/>
        <item text="基础列表" icon="1" name="page_listctrl" id="101" />
        <item text="固定高度列表" icon="3" name="page_fix_height_listview" id="102" />
				<item text="可变高度列表" icon="4" name="page_flex_height_listview" id="103" />
				<item text="TileView" icon="5" name="page_tileview" id="104" />
				<item text="扩展多列列表" icon="6" name="page_mclistview_ex" id="105" />
			</group>
			<group text="树型控件" id="2000">
				<item text="TreeCtrl" icon="7" name="page_treectrl" id="106" />
				<item text="TreeView" icon="8" name="page_treeview" id="107" />
			</group>
			<group text="编辑器及热键" id="3000">
				<item text="编辑器" icon="1" name="page_edit" id="108" />
				<item text="热键" icon="2" name="page_hotkey" id="109" />
				<item text="IP控件" icon="3" name="page_ipctrl" id="110" />
				<item text="富文本" icon="4" name="page_richedit" id="111" />
			</group>
			<group text="按钮" id="4000">
				<item text="按钮" icon="5" name="page_button" id="112" />
				<item text="radio button" icon="6" name="page_radio_button" id="113" />
			</group>
			<group text="其它控件" id="5000">
				<item text="进度条控件" icon="7" name="page_progress" id="114" />
				<item text="日历" icon="8" name="page_calendar" id="115" />
				<item text="分割窗口" icon="1" name="page_splitwnd" id="116" />
				<item text="列表框及组合框" icon="2" name="page_listbox" id="117" />
				<item text="属性表控件" icon="3" name="page_property" id="118" />
			</group>
		</data>
	</grouplist>
	<tabctrl pos="[0,0,-0,-0" name="tab_ctrls" font="style:StrokeAndFill,blurStyle:solid,blurRadius:3" animateSteps="10" animateType="1" tabHeight="0">
    <page title="mclistview">
      <mclistview name="mclv_test" colorBkgnd="@color/white" pos="10,10,-10,-10" headerHeight="30" colorGrid="@color/red">
        <headerStyle wndclass="header" align="center" name="mclv_test_header" sortSkin="skin_lcex_header_arrow" itemSkin="skin_lcex_header" itemSwapEnable="1" fixWidth="0" font="underline:0,adding:-3" sortHeader="1" colorBkgnd="#ffffff">
          <items>
            <item weight="480">@string/mccol_1</item>
            <item weight="95">@string/mccol_2</item>
            <item weight="100">@string/mccol_3</item>
            <item weight="100">@string/mccol_4</item>
            <item weight="100">@string/mccol_5</item>
            <item weight="100">@string/mccol_6</item>
          </items>
          <check name="chk_mclv_sel" text="全选" />
        </headerStyle>
        <template itemHeight="80" colorHover="#cccccc" colorSelected="#0000ff">
          <window name="col1" clipClient="1">
            <img name="img_icon" skin="skin_icon6" pos="10,8,@64,@64" />
            <text name="txt_name" pos="[5,16" font="bold:1,adding:-1">火狐浏览器</text>
            <text name="txt_desc" pos="{0,36,-10,-10" font="bold:1,adding:-4" dotted="1">速度最快的浏览器</text>
            <text name="txt_index" pos="|0,|0" offset="-0.5,-0.5" font="adding:10" colorText="#ff000088">10</text>
          </window>
          <window name="col2" clipClient="1">
            <ratingbar name="rating_score" starSkin="skin_star1" starNum="5" value="3.5" pos="10,16" />
            <text name="txt_score" pos="10,36" font="adding:-5">8.5分</text>
            <link pos="[5,36" cursor="hand" colorText="#1e78d5" href="www.163.com" font="adding:-5">投票</link>
          </window>
          <window name="col3" clipClient="1">
            <text name="txt_size" pos="0,26,-0,-26" font="adding:-4" align="center">85.92M</text>
          </window>
          <window name="col4" clipClient="1">
            <text name="txt_installtime" pos="0,26,-0,-26" font="adding:-4" align="center">2015-01-09</text>
          </window>
          <window name="col5" clipClient="1">
            <text name="txt_usetime" pos="0,26,-0,-26" font="adding:-4" align="center">今天</text>
            <animateimg pos="|0,|0" offset="-0.5,-0.5" skin="skin_busy" name="ani_test" tip="animateimg is used here" msgTransparent="0" />
          </window>
          <window name="col6" clipClient="1">
            <imgbtn animate="1" pos="|-35,|-14" font="adding:-3" align="center" skin="skin_install" name="btn_uninstall">卸载</imgbtn>
          </window>
        </template>
      </mclistview>
    </page>
    <page title="listctrl">
			<listctrl name="lc_test" hotTrack="1" pos="10,0,-10,-10" itemHeight="20" headerHeight="30" cursor="CUR_TST" font="underline:1" itemSkin="skin_tab_left" sbSkin="skin_new_scrollbar">
				<headerStyle align="left" itemSwapEnable="1" fixWidth="0" sortHeader="1">
					<items>
						<item width="150" weight="1">name</item>
						<item width="150">gender</item>
						<item width="150">age</item>
						<item width="150">score</item>
					</items>
				</headerStyle>
			</listctrl>
		</page>
		<page title="listview(fix)" layout="vbox" interval="10">
      <listview size="-2,100" name="lv_test_fix_horz" dividerSize="5" wantTab="1" sbFadeFrames="30" vertical="0">
        <template itemWidth="100" colorHover="#cccccc" colorSelected="#0000ff" trackMouseEvent="1">
          <imgbtn size="-2,-2" skin="skin_tab_main" layout="vbox" gravity="center" interval="10">
            <img size="-1,-1" name="btn_icon" skin="skin_page_icons" iconIndex="0"/>
            <text size="-1,-1" name="btn_text" text="hello"/>
          </imgbtn>
        </template>
      </listview>
      
			<listview size="-2,0" weight="1" name="lv_test_fix" dividerSize="5" wantTab="1" sbFadeFrames="30">
				<template itemHeight="50" colorHover="#cccccc" colorSelected="#0000ff" trackMouseEvent="1">
					<button pos="10,5,@150,@25" name="btn_test" tip="click the button to see how to writing the response function">btn</button>
					<animateimg pos="[10,{0" skin="skin_busy" name="ani_test" tip="animateimg is used here" msgTransparent="0" />
          
					<combobox name="cbx_in_lv" pos="[10,{0,@200,@30" dropDown="1" dropHeight="300" class="cls_edit" dotted="0" animateTime="200" curSel="2">
            <dropdownStyle>
              <root colorBkgnd="#ffffff"/>
            </dropdownStyle>
            <liststyle class="cls_edit" iconSkin="skin_menuicon" itemSkin="skin_tab_left" itemHeight="30" colorText="#000000" colorSelText="#FFFFFF" colorItemBkgnd="#FFFFFF" colorItemSelBkgnd="#000088" />
						<editstyle inset="5,0,5,0" margin="0" colorText="#000000" align="left" colorBkgnd="#FFFFFF" />
						<items>
							<item text="combobox.item1" icon="1" data="100" />
							<item text="combobox.item2" icon="2" data="100" />
							<item text="combobox.item3" icon="3" data="103" />
							<item text="combobox.item4" icon="4" data="100" />
							<item text="combobox.item5" icon="5" data="105" />
							<item text="combobox.item6" icon="0" data="100" />
						</items>
					</combobox>
					<text pos="-20,{0" offset="-1,0" colorText="#ff0000">text item</text>
				</template>
			</listview>
		</page>
		<page title="listview(flex)">
			<listview pos="5,0,-5,-5" name="lv_test_flex" dividerSize="5" sbFadeFrames="30">
				<template defHeight="50" oddHeight="50" evenHeight="60" evenSelHeight="90">
					<itemOdd colorHover="#cccccc" colorSelected="#0000ff">
						<button pos="10,5,@150,@25" name="btn_test" tip="click the button to see how to writing the response function">btn</button>
						<text pos="10,[0" multiLines="1" maxWidth="500" colorText="@color/red">text in odd item</text>
					</itemOdd>
					<itemEven colorHover="#cccccc" colorSelected="#0000ff">
						<button pos="10,5,@150,@25" name="btn_test" tip="click the button to see how to writing the response function">btn</button>
						<text pos="20,[0" colorText="#000000">text in even item</text>
					</itemEven>
					<itemEvenHover colorHover="#cccccc" colorSelected="#0000ff">
						<button pos="10,5,@150,@25" name="btn_test" tip="click the button to see how to writing the response function">btn</button>
						<text pos="20,[0" colorText="#000000" multilines="1">text in even item been hovered.\n the second line</text>
					</itemEvenHover>
				</template>
			</listview>
		</page>
		<page title="tileview">
			<tileview pos="5,0,-5,-5" name="lv_test_tile" wantTab="1" marginSize="5" colorBkgnd="#FFFFFF" sbFadeFrames="30">
				<template itemHeight="130" itemWidth="135" colorHover="#cccccc" colorSelected="#0000ff" trackMouseEvent="1" skin="skin_item_bk">
					<img pos="|0,0,@100,@100" offset="-0.5,0" name="img_file_icon" />
					<button pos="|0,[5,@115,@22" offset="-0.5,0" name="btn_test" tip="click the button to see how to writing the response function">btn</button>
				</template>
			</tileview>
		</page>
		<page title="mclistviewex">
			<mclistviewex name="musiclist" headerHeight="48" colorSwapLine="rgb(0,0,255)" colorDropBk="rgb(0,0,255)" pos="20,20,-20,-20" sbTop="48" sbFadeFrames="30">
				<headerStyle wndclass="header2" align="center" matchParent="1" sortSkin="skin_lcex_header_arrow" itemSkin="skin_lcex_header" cursor="hand" itemSwapEnable="1" sortHeader="0" colorText="#000000ff">
					<items>
						<item width="150">歌曲</item>
						<item width="120">歌手</item>
						<item width="120">专辑</item>
						<item width="120">时长</item>
					</items>
				</headerStyle>
				<template itemHeight="48" colorHover="#666666" colorSelected="#555555" fond="adding:-4">
					<window name="col1" clipClient="1">
						<hr pos="0,0,-0,1" colorLine="#666666" />
						<text name="songname" dotted="1" pos="5,|,]-30,-0" offset="0,-0.5" font="bold:1,adding:-1">天天想听</text>
						<window pos="-0,|" name="playbtn" offset="-1.2,-0.5" display="0" show="0" />
					</window>
					<window name="col2" clipClient="1" layout="vbox" gravity="center">
						<hr size="-2,1" colorLine="#666666" />
						<text name="artist" size="-1,0" weight="1">卖炭翁</text>
					</window>
					<window name="col3" clipClient="1"  layout="vbox" gravity="center">
            <hr size="-2,1" colorLine="#666666" />
            <text name="album" size="-1,0" weight="1">SOUI就是棒</text>
					</window>
					<window name="col4" clipClient="1">
						<hr pos="0,0,-0,1" colorLine="#666666" />
						<text name="lasttime" pos="0,|" offset="0,-0.5" colorText="rgb(100,100,100)">00:00</text>
					</window>
				</template>
			</mclistviewex>
		</page>
		<page title="treectrl">
			<include src="layout:treectrl" />
		</page>
		<page title="treeview">
			<include src="layout:page_treeview" />
		</page>
		<page title="edit">
			<text pos="50,5" multiLines="1">single line edit in window, \nshow how attribute "trackMouseEvent" will work:</text>
			<window class="cls_edit" pos="50,[5,@200,@35" trackMouseEvent="1">
				<edit pos="0,0,-30,-0" font="adding:10" margin="0" cueText="cue text" cueColor="rgb(255,0,0)" password="1">scroll edit</edit>
				<button pos="-30,0,-0,-0">:)</button>
			</window>
            <text pos="50,[5" multiLines="1">hexedit</text>
            <hexedit name="ctrl_hexedit" pos="50,[5, -10, -10" AutoBytesPerRow="1" HexBkColor="#ffff80" AsciiBkColor="#78ebe6" clipClient="1"/>			
		</page>
		<page title="hotkey">
			<text pos="50,20">hotkey 1:</text>
			<hotkey name="ctrl_hk1" width="200" height="25" class="cls_edit" />
			<text pos="50,[5">hotkey 2:</text>
			<hotkey name="ctrl_hk2" width="200" height="25" class="cls_edit" />
		</page>
		<page title="ipctrl">
			<text pos="50,5">ip address control:</text>
			<ipctrl name="ip_test" width="200" height="25" class="cls_edit" />
		</page>
		<page title="richedit">
			<window pos="0,5,-0,@30">
				<button name="btn_insert_gif" pos="5,0,@120,@25" id="#id_test1">insert gif</button>
				<button name="btn_append_msg" pos="[5,0,@120,@25">append format msg</button>
				<button name="btn_richedit_open" pos="[5,0,@120,@25">open from rtf</button>
				<button name="btn_richedit_save" pos="[5,0,@120,@25">save to rtf</button>
			</window>
			<chatedit name="re_gifhost" pos="5,[5,-5,-5" bkgndBlend="1" class="cls_edit" sbFadeFrames="30" enableDragdrop="1" multiLines="1" vscrollBar="1"  wordWrap="1" autoVscroll="1" hscrollBar="0" wantReturn="1" wantTab="1" maxBuf="6400000" rtf="rtf:rtf_test" />
		</page>
		<page title="buttons">
			<imgbtn name="btn_msgbox" pos="10,40" width="200" height="40" accel="ctrl+alt+f9" font="bold:1" skin="win10btn" animate="1">show msg box</imgbtn>
			<text pos="10,[5">press "ctrl+alt+f9" to activate the msgbox button</text>
			<link pos="10,130" maxWidth="100" class="cls_btn_weblink" dotted="1" href="www.ui520.cn">www.ui520.cn</link>
			<img pos="10,[10,@100,@100" skin="skin_page_icons" iconIndex="2" tip="img tip" msgTransparent="0" />
			<text pos="10,[5" multiLines="1">the image show how to handle message in SImageWnd,\n you can do it by simply setting msgTransparent to 0</text>
			<window pos="10,[5,@100,@30" class="cls_edit" trackMouseEvent="1">
				<edit pos="0,0,-16,-0" name="edit_spin" notifyChange="1" margin-x="0" margin-y="0" />
				<spinButton pos="[0,0,-0,-0" max="100" min="1" value="31" buddy="edit_spin" />
			</window>
			<button pos="[0,{0,@100,@30" name="btn_lrc">LRC</button>
			<roundImg pos="[10,{0,@50,@50" name="img_round" cornerSize="0" skin="skin_avatar_high" />
      <roundImg pos="[10,{0,@50,@50" name="img_round2" cornerSize="10" skin="skin_avatar_high" />
      <roundWnd pos="[10,{0,@50,@50" name="img_round3" cornerSize="20">
        <img pos="0,0,-0,-0" skin="skin_avatar_high"/>
        <button pos="0,-20,-0,-0" text="hello"/>
      </roundWnd>
      <button.link pos="[10,{0,@-1,@30" name="btn_tip">提示窗口演示</button.link>
			<hr pos="10,[20,-10,@1" lineStyle="dashdotdot" mode="horizontal" lineColor="#ff0000" />
			<hr pos="10,{0,-10,-10" lineStyle="dash" mode="tilt" lineColor="#00ff00" />
			<hr pos="10,{0,@2,-10" lineStyle="solid" mode="vertical" lineColor="#0000ff" lineSize="2" />
		</page>
		<page title="radiobox">
			<group pos="10,10,@200,@90">
        radio
        <radio pos="10,0" name="radio_1">radio 1</radio>
				<radio pos="[10,{0" name="radio_2">radio 2</radio>
				<radio pos="10,[10" name="radio_3" checked="1">radio 3</radio>
				<radio pos="[10,{0" name="radio_4">radio 4</radio>
			</group>
			<group pos="10,[0,@180,@100">
        radio3
        <radio2 pos="10,0" name="radio3_1" skin="skin_webbtn_back" />
				<radio2 pos="[20,{0" name="radio3_2" skin="skin_webbtn_back" />
				<radio2 pos="[20,{0" name="radio3_3" skin="skin_webbtn_back" />
				<radio2 pos="10,[10" name="radio3_4" checked="1" skin="skin_webbtn_back" />
				<radio2 pos="[20,{0" name="radio3_5" skin="skin_webbtn_back" />
				<radio2 pos="[20,{0" name="radio3_6" skin="skin_webbtn_back" />
			</group>
			<group pos="10,[0,@180,@100">
        Btn
        <button pos="10,0" name="btn4_1">1</button>
				<button pos="[20,{0" name="btn4_2">2</button>
				<button pos="[20,{0" name="btn4_3">3</button>
				<button pos="10,[10" name="btn4_4" checked="1">4</button>
				<button pos="[20,{0" name="btn4_5">5</button>
				<button pos="[20,{0" name="btn4_6">6</button>
			</group>
			<tabctrl pos="[0,{-100,@300,@200" name="tab_radio2" tabHeight="0" cursel="3" colorBkgnd="#00cc00">
				<page>
					<text pos="|0,|0" offset="-0.5,-0.5">page1</text>
				</page>
				<page>
					<text pos="|0,|0" offset="-0.5,-0.5">page2</text>
				</page>
				<page>
					<text pos="|0,|0" offset="-0.5,-0.5">page3</text>
				</page>
				<page>
					<text pos="|0,|0" offset="-0.5,-0.5">page4</text>
				</page>
				<page>
					<text pos="|0,|0" offset="-0.5,-0.5">page5</text>
				</page>
				<page>
					<text pos="|0,|0" offset="-0.5,-0.5">page6</text>
				</page>
			</tabctrl>
			<window pos="10,[10,@300,@110" layout="hbox" gravity="center" colorBkgnd="#FAFAFA">
				<window size="20,-2" />
				<radio size="-1,-2" weight="1" focusable="0" skin="skin_message" iconAlign="center" iconValign="top" text="消息" align="center" valign="top" />
				<window size="20,-2" />
				<radio size="-1,-2" weight="1" focusable="0" skin="skin_contacts" iconAlign="center" text="联系人" align="center" />
				<window size="20,-2" />
				<radio size="-1,-2" weight="1" focusable="0" skin="skin_group" iconAlign="center" iconValign="bottom" text="群组" align="center" valign="bottom" />
				<window size="20,-2" />
			</window>
		</page>
		<page title="prog and slider" layout="vbox" interval="10">
			<window size="-2,0" weight="1" layout="hbox" interval="50">
				<window size="0,-2" weight="1" layout="vbox" interval="10" padding="20">
					<window size="0,0" weight="1" visible="0" />
					<progress name="prog_test" size="-2,15" font="adding:-8" value="20" min="0" max="100" showPercent="1" />
					<sliderbar name="slider_test" size="-2,-1" thumbInRail="0" alpha="200" value="20" min="0" max="100" />
					<scrollbar name="sb_test1" size="-2,16" min="0" max="100" value="10" page="10" />
					<window size="0,0" weight="1" visible="0" />
				</window>
				<window size="0,-2" weight="1" layout="hbox" interval="10">
					<progress name="prog_test2" size="15,-2" vertical="1" alpha="200" value="20" min="0" max="100" />
					<sliderbar name="slider_test2" size="-1,-2" thumbInRail="1" vertical="1" alpha="200" value="20" min="0" max="100" />
					<scrollbar name="sb_test2" size="16,-2" vertical="1" min="0" max="100" value="10" page="10" />
				</window>
			</window>
			<window size="-2,0" weight="1">
				<progressRing name="prog_ring" pos="|0,|0,@200,@200" offset="-0.5,-0.5" arcRate="0.5" min="0" max="100" value="32" showPercent="1" />
			</window>
		</page>
		<page title="calendar" layout="vbox">
			<window size="-2,-1" layout="hbox" padding="5,5,5,5">
				<dateTimePicker size="240,30" name="timepicker" padding="4,0,4,0" dropWidth="300" timeEnable="1">
					<calstyle ncSkin="_skin.sys.border" daySkin="_skin.sys.btn.normal" margin="1" />
				</dateTimePicker>
			</window>
			<calendar size="-2,0" weight="1" name="mp_test" daySkin="_skin.sys.btn.normal" todayHeight="0" yearHeight="0" weekHeight="50" textSunday="sunday" textMonday="monday" textTuesday="tuesday" textWednesday="Wednesday" textThursday="thursday" textFriday="friday" textSaturday="saturday" />
		</page>
		<page title="split">
			<splitrow name="split_row" pos="10,0,-10,-10" sepSize="6">
				<pane idealSize="250" minSize="30" priority="2" colorBkgnd="#880000" clipClient="1">
          <text pos="|0,|-20" offset="-0.5,0" colorText="#ffffff">pane1 priority=2</text>
          <text2 pos="|0,[20" offset="-0.5,0" font="face:微软雅黑,adding:10" colorText="@color/red">GDI+渲染文字,render by gdiplus</text2>
        </pane>
				<pane idealSize="400" minSize="30" priority="1">
					<splitcol name="split_col" pos="0,0,-0,-0" sepSize="6">
						<pane idealSize="200" minSize="30" priority="0" colorBkgnd="#000088" clipClient="1">
							<text pos="|-50,|-20" colorText="#ffffff">pane2.1 priority=0</text>
						</pane>
						<pane idealSize="400" minSize="30" priority="1" colorBkgnd="#008800" clipClient="1">
							<text pos="|-50,|-20" colorText="#ff0000">pane2.2 priority=1</text>
						</pane>
					</splitcol>
				</pane>
			</splitrow>
		</page>
		<page title="combobox and listbox" layout="hbox" padding="10,10,10,10">
			<group text="combobox" size="-1,-1" layout="vbox" padding="10,10,10,10">
				<combobox name="cbx_test" cueText="tip" cueColor="#909399FF" size="250,30" dropDown="0" dropHeight="100" class="cls_edit" dotted="0" animateTime="200" curSel="2">
          <dropdownStyle>
            <root colorBkgnd="#ffffff"/>
          </dropdownStyle>
          <liststyle class="cls_edit" iconSkin="skin_menuicon" itemSkin="skin_tab_left" itemHeight="30" colorText="#000000" colorSelText="#FFFFFF" colorItemBkgnd="#FFFFFF" colorItemSelBkgnd="#000088" />
					<editstyle inset="5,0,5,0" margin="0" colorText="#000000" align="left" colorBkgnd="#FFFFFF" />
					<items>
						<item text="combobox.item1" icon="1" data="100" />
						<item text="combobox.item2" icon="2" data="100" />
						<item text="combobox.item3" icon="3" data="103" />
						<item text="combobox.item4" icon="4" data="100" />
						<item text="combobox.item5" icon="5" data="105" />
						<item text="combobox.item6" icon="0" data="100" />
					</items>
				</combobox>
				<button size="-2,25" extend_top="10" on_command="on_btn_select_cbx">setcursel(-1)</button>
			</group>
			<group text="listbox" size="-1,-2" layout="vbox" extend_left="20" padding="10,10,10,10">
				<listbox name="lb_test" size="250,0" weight="1" hotTrack="1" itemSkin="skin_tab_left" class="cls_edit" iconSkin="skin_menuicon" itemHeight="30" colorText="#000000" colorSelText="#FFFFFF" colorItemBkgnd="#FFFFFF" colorItemSelBkgnd="#000088">
					<items>
						<item text="item1" icon="1" data="100" />
						<item text="item2" icon="2" data="100" />
						<item text="item3" icon="3" data="103" />
						<item text="item4" icon="4" data="100" />
						<item text="item5" icon="5" data="105" />
						<item text="item6" icon="0" data="100" />
					</items>
				</listbox>
				<button size="-2,30" extend_top="10" name="btn_init_listbox">init listbox</button>
			</group>
		</page>
		<page title="propertygrid" layout="vbox">
			<window size="-2,-1" layout="hbox">
				<text text="target:" />
				<edit name="prop_target" size="100,30" text="text1.1" />
				<text text="property:" />
				<edit name="prop_prop" size="100,30" text="value" />
				<text text="value:" />
				<edit name="prop_value" size="150,30" text="haha" />
				<button name="btn_set_prop_value" text="set prop" size="100,30" />
			</window>
			<propgrid name="prop_test" size="-2,0" weight="1" titleWidth="180" orderType="group" switchSkin="skin_propswitch" colorBkgnd="#ffffff" itemHeight="30">
				<cmdbtnstyle skin="_skin.sys.btn.normal">...</cmdbtnstyle>
        <editStyle colorBkgnd="#ffffff"/>
				<groups>
					<propgroup name="group1" description="desc of group1">
						<proptext name="text1.1" value="value 1.1">
							<proptext name="text1.1.3" value="value 1.1.3" />
							<proptext name="text1.1.1" value="value 1.1.1" />
							<proptext name="text1.1.2" value="value 1.1.2">
								<proptext name="text1.1.2" value="value 1.1.2" />
							</proptext>
						</proptext>
						<proptext name="text1.2" value="value 1.2" />
					</propgroup>
					<propgroup name="group2" description="desc of group2">
						<propoption name="option2.1" value="true" options="true|false|empty" />
						<propsize name="size2.1" value="200,300" childrenTitle="宽|高" />
						<proptext name="text2.2" value="value 2.2" />
						<propcolor name="color2.1" value="#00ff00" format="#%02x%02x%02x%02x" />
						<proptext name="text2.1" value="value 2.1" />
						<proptext name="text2.3" value="value 2.3" />
						<proptext name="text2.4" value="value 2.4" />
						<proptext name="text2.5" value="value 2.5" />
						<proptext name="text2.6" value="value 2.6" />
						<proptext name="text2.7" value="value 2.7" />
						<proptext name="text2.8" value="value 2.8" />
					</propgroup>
				</groups>
			</propgrid>
		</page>
	</tabctrl>
</include>
