﻿<include>
  <treeview pos="0,0,-100,-0" name="tree_view_00" itemHeight="-1" colorItemBkgnd="#FFFFFF" colorItemSelBkgnd="#cccccc" indent="30" hasLines="1">

    <template height="60"  layout="hbox" colorHover="#cccccc" colorSelected="#0000ff" trackMouseEvent="1" gravity="center" interval="5">
      <toggle size="20,20" name="tgl_switch" skin="_skin.sys.tree.toggle" tip="show how to use switch"/>
      <button size="150,30" name="btn_test" tip="click the button to see how to writing the response function">btn</button>
      <text colorText="#ff0000" name="txt_red">text item</text>
      <animateimg skin="skin_busy" name="ani_test" tip="animateimg is used here" msgTransparent="0" />
    </template>
  </treeview>
</include>