<skin>
  <imglist name="_skin.sys.msgicon" src="PNG:SYS_MSGICON" states="5"/>
  <imglist name="_skin.sys.checkbox" src="PNG:SYS_CHECKBOX" states="8" checkAsPushdown="0"/>
  <imglist name="_skin.sys.radio" src="PNG:SYS_RADIO" states="8" checkAsPushdown="0"/>
  <imglist name="_skin.sys.focuscheckbox" src="PNG:SYS_FOCUS_CHECKBOX"/>
  <imglist name="_skin.sys.focusradio" src="PNG:SYS_FOCUS_RADIO"/>
  <button name="_skin.sys.btn.normal" colorUp="#ffffff" colorDown="#ffffff" colorUpHover="#ecf5ff" colorDownHover="#ecf5ff" colorUpPush="#B9DDFF" colorDownPush="#B9DDFF" colorUpDisable="#DDDDDDFF" colorDownDisable="#DDDDDDFF" cornerRadius="2" colorBorder="#1890FF66" colorBorderHover="#1890FF66" colorBorderPush="#1890FF66" colorBorderDisable="#1890FF66"/>
  <scrollbar name="_skin.sys.scrollbar" src="PNG:SYS_SCROLLBAR" margin="3" hasgripper="0"/>
  <imgframe name="_skin.sys.border" src="PNG:SYS_BORDER" states="2" margin-x="3" margin-y="3"/>
  <imgcenter name="_skin.sys.dropbtn" src="PNG:SYS_DROPBTN" states="3"/>
  <imglist name="_skin.sys.tree.toggle" src="PNG:SYS_TREE_TOGGLE" states="6">
    <states>
      <state index="0" value="normal"/>
      <state index="1" value="hover"/>
      <state index="2" value="pushdown"/>
      <state index="3" value="normal&checked"/>
      <state index="4" value="hover&checked"/>
      <state index="5" value="pushdown&checked"/>
    </states>
  </imglist>
  <imglist name="_skin.sys.tree.checkbox" src="PNG:SYS_TREE_CHECKBOX" states="9"/>
  <imglist name="_skin.sys.tree.lines" src="PNG:SYS_TREE_LINES" states="10"/>
  <imglist name="_skin.sys.tab.page" src="PNG:SYS_TAB_PAGE" margin-x="2" margin-y="2" states="3"/>
  <imgframe name="_skin.sys.header" src="PNG:SYS_HEADER" margin-x="2" margin-y="2" states="4"/>
  <imgframe name="_skin.sys.split.vert" src="PNG:SYS_SPLIT_VERT" margin-x="2" margin-y="2"/>
  <imgframe name="_skin.sys.split.horz" src="PNG:SYS_SPLIT_HORZ" margin-x="2" margin-y="2"/>
  <imgframe name="_skin.sys.prog.bkgnd" src="PNG:SYS_PROG_BKGND" margin-x="8" margin-y="8"/>
  <imgframe name="_skin.sys.prog.bar" src="PNG:SYS_PROG_BAR" margin-x="5" margin-y="5"/>
  <imgframe name="_skin.sys.vert.prog.bkgnd" src="PNG:SYS_VERT_PROG_BKGND" margin-x="8" margin-y="8"/>
  <imgframe name="_skin.sys.vert.prog.bar" src="PNG:SYS_VERT_PROG_BAR" margin-x="5" margin-y="5"/>
  <imglist name="_skin.sys.slider.thumb" src="PNG:SYS_SLIDER_THUMB" states="4"/>

  <imglist name="_skin.sys.btn.close" src="PNG:SYS_BTN_CLOSE" margin-x="2" margin-y="2" states="3" />
  <imglist name="_skin.sys.btn.minimize" src="PNG:SYS_BTN_MINIMIZE" margin-x="2" margin-y="2" states="3" />
  <imglist name="_skin.sys.btn.maximize" src="PNG:SYS_BTN_MAXIMIZE" margin-x="2" margin-y="2" states="3" />
  <imglist name="_skin.sys.btn.restore" src="PNG:SYS_BTN_RESTORE" margin-x="2" margin-y="2" states="3" />

  <imglist name="_skin.sys.menu.check" src="PNG:SYS_MENU_CHECK" states="3" />
  <imglist name="_skin.sys.menu.arrow" src="PNG:SYS_MENU_ARROW" states="2" />
  <imgframe name="_skin.sys.menu.sep" src="PNG:SYS_MENU_SEP" left="26"/>
  <imgframe name="_skin.sys.menu.border" src="PNG:SYS_MENU_BORDER" margin-x="2" margin-y="2"/>
  <imgframe name="_skin.sys.menu.skin" src="PNG:SYS_MENU_SKIN" states="2" margin="26,2,5,2"/>
  <imglist name="_skin.sys.icons" src="PNG:SYS_ICONS" states="12"/>
  <imgframe name="_skin.sys.wnd.bkgnd"  src="PNG:SYS_WND_BKGND" left="5" right="5" top="5" bottom="5"/>
  <imgcenter name="_skin.sys.btn.prev" src="PNG:SYS_BTN_PREV" states="3" />
  <imgcenter name="_skin.sys.btn.next" src="PNG:SYS_BTN_NEXT" states="3" />
  <imgcenter name="_skin.sys.spin.up" src="PNG:SYS_SPIN_UP" states="3" vertical="1" />
  <imgcenter name="_skin.sys.spin.down" src="PNG:SYS_SPIN_DOWN" states="3" vertical="1" />
  <imglist name="_skin.sys.switch" src="PNG:SYS_SWITCH" states="8" checkAsPushdown="0"/>
	<imglist name="_skin.sys.switch_bg" src="PNG:SYS_SWITCH_BG" states="1"/>
</skin>
